<?xml version="1.0" encoding="utf-8"?>
<list version="1.0"><fvm_meta theme_code="" is_biz="0"/>
<theme id="retro" name="Cartoon Classics" file="retro\theme.xml" hitman="N" seg1="retro\retro.zip" seg2="retro\retro2.zip" thumb="ann-stand.swf"/>
<theme id="custom" name="Comedy World" file="custom\theme.xml" hitman="N" seg1="custom\custom.zip" seg2="custom\custom2.zip" thumb=""/> cc_theme_id="family" />
<theme id="politics2" name="White Houserz" file="politics2\theme.xml" hitman="N" seg1="politics2\politics2.zip" seg2="politics2\politics22.zip" thumb=""/>
<theme id="anime" name="Anime" file="anime\theme.xml" hitman="N" seg1="anime\anime.zip" seg2="anime\anime2.zip" thumb=""/>
<theme id="fullenergy" name="Full Energy" file="fullenergy\theme.xml" hitman="N" seg1="fullenergy\fullenergy.zip" seg2="fullenergy\fullenergy2.zip" thumb=""/>
theme id="vietnam" name="Jungle Warfare" file="vietnam\theme.xml" hitman="N" seg1="vietnam\vietnam.zip" seg2="vietnam\vietnam2.zip" thumb=""/>
<theme id="monstermsh" name="Monsters Mayhem" file="monstermsh\theme.xml" hitman="N" seg1="monstermsh\monstermsh.zip" seg2="monstermsh\monstermsh2.zip" thumb=""/>
<theme id="stick" name="Stick Figure" file="stick\theme.xml" hitman="N" seg1="stick\stick.zip" seg2="stick\stick2.zip" thumb=""/>
<theme id="action" name="Lil' Peepz" file="action\theme.xml" hitman="N" seg1="action\action.zip" seg2="action\action2.zip" thumb=""/>
<theme id="startrek" name="Star Trek Quogs" file="startrek\theme.xml" hitman="N" seg1="startrek\startrek.zip" seg2="startrek\startrek2.zip" thumb=""/>
<theme id="toonadv" name="Toon Adventure" file="toonadv\theme.xml" hitman="N" seg1="toonadv\toonadv.zip" seg2="toonadv\toonadv2.zip" thumb=""/>
<theme id="sf" name="Street Fighters" file="sf\theme.xml" hitman="N" seg1="sf\sf.zip" seg2="sf\sf2.zip" thumb=""/>
<theme id="domo" name="Domo" file="domo\theme.xml" hitman="N" seg1="domo\domo.zip" seg2="domo\domo2.zip" thumb=""/>
<theme id="willie" name="Willie Nelson" file="willie\theme.xml" hitman="N" seg1="willie\willie.zip" seg2="willie\willie2.zip" thumb=""/>
<theme id="botdf" name="Blood On The Dance Floor" file="botdf\theme.xml" hitman="N" seg1="botdf\botdf.zip" seg2="botdf\botdf2.zip" thumb=""/>
<theme id="akon" name="AKON" file="akon\theme.xml" hitman="N" seg1="akon\akon.zip" seg2="akon\akon2.zip" thumb=""/>
<theme id="bunny" name="It's Happy Bunny!" file="bunny\theme.xml" hitman="N" seg1="bunny\bunny.zip" seg2="bunny\bunny2.zip" thumb=""/>
<theme id="underdog" name="Saturday Morning TV" file="underdog\theme.xml" hitman="N" seg1="underdog\underdog.zip" seg2="underdog\underdog2.zip" thumb=""/>
<theme id="monkeytalk" name="Super Rica & Rashy" file="monkeytalk\theme.xml" hitman="N" seg1="monkeytalk\monkeytalk.zip" seg2="monkeytalk\monkeytalk2.zip" thumb=""/>
<theme id="ben10" name="Ben 10" file="ben10\theme.xml" hitman="N" seg1="ben10\ben10.zip" seg2="ben10\ben102.zip" thumb=""/>
<theme id="chowder" name="Chowder" file="chowder\theme.xml" hitman="N" seg1="chowder\chowder.zip" seg2="chowder\chowder2.zip" thumb=""/>
<theme id="street" name="Street" file="street\theme.xml" hitman="N" seg1="street\street.zip" seg2="street\street2.zip" thumb=""/>
<theme id="animal" name="Lil' Petz" file="animal\theme.xml" hitman="N" seg1="animal\animal.zip" seg2="animal\animal2.zip" thumb=""/>
<theme id="chibi" name="Chibi Peepz" file="chibi\theme.xml" hitman="N" seg1="chibi\chibi.zip" seg2="chibi\chibi2.zip" thumb=""/>
<theme id="space" name="Space Peepz" file="space\theme.xml" hitman="N" seg1="space\space.zip" seg2="space\space2.zip" thumb=""/>
<theme id="ninja" name="Chibi Ninjas" file="ninja\theme.xml" hitman="N" seg1="ninja\ninja.zip" seg2="ninja\ninja2.zip" thumb=""/>
<theme id="ninjaanime" name="Ninja Anime" file="ninjaanime\theme.xml" hitman="N" seg1="ninjaanime\ninjaanime.zip" seg2="ninjaanime\ninjaanime2.zip" thumb=""/>
<theme id="christmas" name="Holiday &amp; Seasonal" file="christmas\theme.xml" hitman="N" seg1="christmas\christmas.zip" seg2="christmas\christmas2.zip" thumb="santa-stand.swf"/>
<theme id="spacecitizen" name="Space Citizens" file="spacecitizen\theme.xml" hitman="N" seg1="spacecitizen\spacecitizen.zip" seg2="spacecitizen\spacecitizen2.zip" thumb=""/>
<theme id="politic" name="Politics &amp; Celebrity" file="politic\theme.xml" hitman="N" seg1="politic\politic.zip" seg2="politic\politic2.zip" thumb="hilary-stand.swf"/>
<theme id="common" name="Common" file="common\theme.xml" hitman="N" seg1="common\common.zip" seg2="common\common2.zip" thumb="matchboy-stand.swf"/>
<word></word><whiteword></whiteword><excludeAssetIDs/><points money="0" sharing="0"/></list>
